number,progress,title,like,contents,answer,category,sday,eday,proponent
588176,청원종료,코로나19. 재난생계수당은 누구를 위한 건가요..??,213,"안녕하세요.

코로나19로 인해 소상공인을 지원 한다는 재난생계수당은 도대체 누구를 위한 걸까요..?

현재 화성시에서 휴게음식점업을 하며 오산시에 거주하고있는 30대 가장 입니다. 코로나19로 인해 전국의 많은 소상공인들이 피해를 입고 있는걸로 알고 있습니다. 이런 피해를 입은 소상공인들을 지원하고자 시자체 및 도단위에서 재난생계수당을 지원하는걸로 알고 있습니다.

하지만 소상공인들을 위한 재난생계수당의 혜택이 화성시에서 자영업을 하고 있지만, 다른시에 거주한다는 이유 하나만으로!!!!
코로나19로 피해를 입고 있는 자영업자들에게 돌아오지 못하고 있습니다.

주민등록이 화성시에 등록 되어있지 않다고, 화성시에서 자영업을 하는 저의 사업장 위치가 변하나요!?
자영업을 하며 내는 취등록세 및 세금을 화성시에 내지 않고있나요!?

화성시에서 똑같이 자영업을 하지만, 주민등록상 거주지가 다르다는 이유로.. 혜택을 받지 못하고  피해를 받고 있는 다른 소상공인들은 어디다가 도와돌라고 외쳐야 하나요...

도대체..누구를 돕기위한 재난생계수당입니까...?
저와 같이 정책 밖으로 벗어난 피해 입은 소상공인은 도대체 어떻게 해야 할까요..?
너무 답답하고.. 앞으로가 정말 막막합니다..

친애하는 문재인 대통령님,
저와같이 피해를 입고 막막해 하는 소상공인들을 모른척하지 말아주십시오..

저도 화성시에서 세금을 내며 자영업을 하고 있는 소상공인입니다!!

저와 같은 힘없는 소상공인들을 모른척 하지 말아주세요..
정말 간곡히 부탁드립니다..",NaN,보건복지,2020-04-20,2020-05-20,naver
588208,청원종료,장애인 주차,139,저는 5~6년전부터 고관절에 문제가 생겨 인공관절치환술을 권유받는 환자입니다. 2번의 수술을 계획했다가 너무나 심하게 제 자신이 내켜하지 않는다는걸 알고 수술을 포기하고 말았습니다. 수술은 환자의 자유의지라서 아프고 불편하더라도 저는 다른 방법을 찾아 인공관절치환술만큼은 피하고 싶었습니다.체중을 내리고 건강식품을 복용하면서 자영업장에서 열심히 일하며 노력하고 있습니다. 불편한 보행은 자동차로 해결하며 사는데 언제부턴가 고관절 환자는 수술로써 치료가 가능하다는 이유로 장애인 등급에서 제외가 됐다고 합니다.수술을 기피하는 저로서는 보행이 여간 불편한게 아닌데 집앞에 장애인 주차가 가능한데도 법이라는 잣대에 눌려 주차하지못하고 한참 떨어진곳에 주차하고 힘들게 걸어오자면 법이라는 모순과 현실앞에 화가 나곤 합니다.게다가 부조리한 방법으로 장애인 자격을 취득해 멀쩡한 자식들이 장애인 주차를 하고있는것을 보고있노라면 어이없기도 합니다.수술의 선택은 환자의 자유의지입니다.다른 장애인 혜택은 비라지 않습니다.어려운 보행이 조금 편해질수있도록 의사의 판단과 결과물로도 장애인 주차가 가능하도록 도와주십시요!어려운 국면앞에서 불철주야 애쓰시는 문재인 대통령님과 나라의 위정자님들께 머리숙여 깊은 감사와 경의를 표합니다!,NaN,보건복지,2020-04-21,2020-05-21,naver
588221,청원종료,"대구 긴급재난 지원금 , 적은 금액이라도 대구 모든 시민들에게 지급 해야 합니다!",2281,"현재 코로나로 모든 경제가 어렵습니다
지금 서서히 줄어들고 있지만은 아직도 사회적거리두기를 해야하는 상황입니다
시간이 길어질수록 시민들은 점점 더 어려워 지고 있구요
다시 생활이 정상화 된다 하여도, 몇 달간 돈이 없엇던 시민들의 소비는 당연히 줄어들 것 입니다.
대구는 소비의도시로도 알려져 있는데, 대구 시민들의 소비는 더 줄어들 것이구요

다행히 각 도시마다 긴급재난지원금을 시민들에게 지급을 하고 있습니다
그러나 대구는 재난지역으로 선포되고, 정부에서 재난지원금을 받았음에도,
중위소득 100% 기준을 나누어 , 실질적으로 재난지원금을 받은 사람들은
주위에 10명 중 아니 100명 중에 1~2명도 찾아보기 어렵습니다
실질적으로 맞벌이 부부들은 거의 해당도 안되고, 1인 가구도 물론이며
그리고 저 금액은 다 세전금액이지 않습니까
지금 이렇게 하루하루 힘들고 한 두푼도 아까운데, 저렇게 따져가면서 준다는 게 말이 됩니까
도대체 재난지역이면 대구 시민 전체가 지금 어렵다는 건데,
대구에서 저런 기준으로 지급한다는 게 말이 되지 않는다고 생각합니다
정부 에서도 중위소득을 150%할 것이냐 ,전체로 지급할 것이냐 고민하고 있는데 
재난지역인 대구의 기준을 이해 할 수 없습니다
대구는 소규모 자영업자들도 많고 , 중소기업들이 많아 급여자체도 적고
10만원 20만원에도 어려워 하는 시민들이 너무나 많습니다
경기도는 도에서 전체로 지급하고, 시에서도 지급하고 하물며 부산도 5만원씩 이라도 지급하던데
도대체 재난지역이라는 대구는 무슨 기준으로 저렇게 나누어서 지급하는지 납득이 안갑니다

대구도 적은 금액이라도 모든 대구시민들에게 줘야 한다고 생각합니다",NaN,행정,2020-04-21,2020-05-21,naver
588236,청원종료,"21대 총선 1,118명 출마자들은 당선 후 연 세비 30% 삭감을 공약으로 발표하라 ㅡ 더뉴스코리아",534,"중앙선거관리위원회가 4·15 총선의 선거보조금으로 민주당에 120억 원, 통합당에 115억 원을 지급하는 등 총 12개 정당에 440억 7000여만 원을 지급했다고 30일 밝혔다. 또 의석도 없는 국가혁명배당금당에 8억 원을 지급하였다.
이 '선거보조금'은 우리 대한민국 국민들의 세금으로 이루어져있다.


- 아래의 내용을 더뉴스코리아가 청와대에 청원합니다 -


1. 총선 출마자들은 당선 후 연 세비의 30%를 삭감할 것을 공약으로 발표하라. 삭감된 예산 으로 코로나19 사태로 눈물을 흘리고 있는 자영업자, 실업자 또는 어려운 국민들에게 지급하기를 바랍니다.

2. 지역구 지구당 253개에 편성된 보좌관 수를 4명으로 줄여라. 2019년 대한민국부채는 1,700조 원 이상이다. 나라가 빚더미에 있고 국민들도 생활이 어려워 고통스러운 상태이므로 국회의원들이 모범을 보이기를 바랍니다. 

3. 총선 출마자 1,118명 전체는 세비삭감 공약을 발표하고 실제로 삭감을 하여 지도층들이 솔선수범하고 존경받을 수 있도록 국민들에게 마음을 얻고 국민들의 귀감이 되기를 바랍니다.",NaN,정치개혁,2020-04-21,2020-05-21,naver
588239,청원종료,국가기술자격 기사&산업기사 예정대로 시험치게 해주세요,926,"많은사람들이 경기가 어려워 자영업을포기하고 다시재취업 및 이제졸업후 자격증취득후 그길로 가려고 적게는 반년 많게는 그이상 준비한사람들입니다. 선거도 아무런 문제없이 치뤘습니다. 시험을치고안치고는 개인의 선택이지 강제를 해서는 안됩니다. 총선은 훨씐더많은 인파가 움직이는 일이었습니다. 지금보다 더많은 감염자가있었구요.
자격을빨리취득해서 취업을해야되는 가장으로써 3월시험이 6월로 바뀌는건 취업까지 6개월 혹은 그이상이 뒤로 밀려납니다. 매달 생활비는꼬박꼬박들어가는데 자격취득을해야 취업을겨우할수있습니다. 예정대로 치게해주십시요. 위험하다 느끼시는분들은 알아서 시험피하시겠지요",NaN,일자리,2020-04-21,2020-05-21,naver
588278,청원종료,영세  계란 수집업자들의 폐업을 막아주세요,416,"15년을 14시간이상 성실히 국민들을 위해 계란 배달해온 1인 자영업자가 폐업을 각오하면서 정부에 한말씀 올립니다. 친자본 정책으로 2200개가 넘는 식용란수집판매업자가 문을 닫을 처지에 이르렀습니다. 
국민들께 호소합니다 .정부에서는 자영업자와 소상공인을 살리자는 취지의 말을 언론을 통해 하지만 각 산하 부처는 정부의 의지를 말살하는 법을 만들어 자영업자와 소상공인을 폐업에 몰아 죽이고 있습니다
4월 25일부터 ‘가정용 달걀 선별포장 제도’의 해썹이 의무화됩니다.
국민의 건강한 먹거리를 위해서 해썹은 필요한 제도지만 이번 조치로 인해서 식용란수집판매업자들의 생존은 위협받게 생겼습니다.

식용란수집판매업자는 해썹 등의 위생기준을 충족한 농장에서 생산한 달걀을 가져다 식당, 마트 등에 배달하는 사람들입니다. 
A농장에서 달걀을 생산하면 그것을 싣고 와서 겉포장지에 업자들의 전화번호와 상호(브랜드)가 적힌 종이를 부착하고 시중에 납품하는 일을 합니다. 
정부에서는 지난해 ‘가정용 달걀 선별포장 제도’를 발표하면서 식용란수집판매업자들에게 세척란의 경우 10℃, 비세척란의 경우 25℃를 유지해 유통할 것을 권고했습니다.

하지만 우리 유통에서의 현실은 어떻습니까?
보통 마트나 식당 등에서는 달걀을 상온에 보관합니다. 
만약 식용란수집판매업자들이 10℃를 유지해 유통할 경우 유통과정에서 온도차로 인해 결로현상이 발생합니다. 
지난해부터 업체, 협회의 계속된 문제제기에 식약처에서는 식용란수집판매업자들도 ‘재포장업자로 등록해라’는 답을 내놓습니다. 이는 문제의 근본적인 해결책이 아닙니다. 만약 정부 방침대로라면 식당, 마트에서도 계란을 10℃에 유지해야 합니다.(10도에서 출하되는 순간 결로현상으로 달걀의 신선도는 급속도로 저하됩니다)

지금 정부가 추진하는 대책의 근본적인 목적은 달걀 유통을 추적되는 시스템으로 만들겠다는 것인데, 이미 오래전부터 그런 시스템은 갖춰져 있었습니다. 
오히려 몇 해 전부터 달걀유통을 시스템화 한다고 나서 불필요한 달걀 바코드를 도입하면서 현장에서는 육안으로 생산자를 식별하는 게 더 어려워지는 웃지 못 할 일도 일어났습니다.
예를 들어 몇 해 전까지 달걀에는 ‘01서울’ 이런 식으로 번호가 써져 있었습니다. 이 정보를 통해 01서울농장의 뜻으로 농장에서 언제 생산된 것이라는 내용을 알 수 있었습니다. 원리만 알면 일반사람들도 추적하기 쉬웠던 시스템이었습니다. 몇해 전 AI가 터졌을 때도 사람들은 이 번호를 보고 집에 있던 달걀도 처분하는 등 대처를 할 수 있었습니다. 
하지만 이게 ‘abcd1234’ 식의 바코드 형태로 바뀌었습니다. 기계를 대보지 않고, 혹은 한참 검색하지 않고서는 이 바코드를 사람들이 육안으로 식별할 수 있겠습니까? 

최근 정부가 수행하는 달걀유통에 대한 조치들은 너무 과도합니다.
현장에서는 대기업 몰아주기 아니냐는 비판들도 나옵니다. 
4월 25일 조치가 시행되면 유통과정에서 일하는 영세업자들은 모두 망해나갑니다. 한판 팔아서 700~1000원 남기는 판인데, 농장에서 완제품을 만들면 한판 당 1000원 남짓 비용이 추가됩니다. 
여기에 정부에서 원하는 설비까지 만들면 영세업자들의 설자리는 없습니다. 또한 영세업자들을 이용하는 식당, 가정은 좀 더 높은 가격으로 형성된 대형 업체들의 달걀을 사야 됩니다. 

문제제기에 대해 식약처는 묵묵부답입니다. 이게 정부가 원하는 앞으로의 방향입니까?
탁상공론으로 나온 대책을 당장 중단해야 합니다. 업계의 현실을 파악하여 과도하고 불필요한 규제를 멈춰주십시오. 이 모든 비용의 부담은 국민 몫입니다. 모든 국민 여러분의 많은 관심과 참여 부탁드립니다. 

문제점1. 에어컨으로 20도의 온도로 유지해도 문제가 없었고 여름 4개월간 30만원 정도의 전기료로 버텼는데 10도로 유지해야한다면 9개월 이상 전기료만 80만원이 넘는 부담을 해야하며 여름철 정부가 권장하는 적정 온도를 훌쩍 넘어 여름에는 수시로 정전사태의 원인 제공이 될 수 있는 현상도 생깁니다.

문제점2. 몇 해 전 AI가 터졌을 때 계란가격 상승으로 모든 제품이 치솟아 경제적인 물가상승으로 작용하였습니다. 결국 사업자등록을 내서 성실히 일하는 소규모 자영업자는 폐업과 동시에 살기 위해서는 무등록으로 장사하는 방법밖에는 없습니다. 

이에 정부부처에서는 기간 연장이 아닌 근본적인 자영업자의 입장을 다시 한번 바라보고 현실적인 대안을 발표해주시길 간절히 바랍니다.",NaN,일자리,2020-04-22,2020-05-22,naver
588306,청원종료,임대료 불법연체이자업체를 고발합니다.,169,"안녕하세요.
저희 어머니는 경기도 안산 **공단내 아파트형공장에서 식당을 운영하고계십니다.
그런데,
이곳 회사(임대인)의 횡포와 갑질에 견딜수가없어 힘없는 서민이라 
 지푸라기라도 잡고싶은마음에 이곳에 청원글을 올립니다.
요즘같은 코로나19사태로 전국민이 힘들어하는 이시점에
 전국의 착한건물주들이 나타나고있는데
 이곳 아파트형공장회사(임대인)는 임대료인하는 못해줄망정,
임대료연체이자(연27%)라는 법적최고이자(연24%)보다도 더 받고있습니다.
서민들의 피를 빨아먹는 이런악덕기업을 도저히 힘없고 빽없는 저희같은서민들은 상대할수가없습니다ㅜㅜ
 부디,
전국의 모든 국민분들,모든임차인분들이 힘을실어주셔서 청원글이 현실화가되어,
국세청과 존경하는 문재인대통령님,정부에서 이곳(아파트형공장/임대인)의 강도높은 세무조사를 해주시면 소원이 없을것같습니다.
자영업자들의 보증금을 연체이자로 빼앗가는 이런 악덕기업들은 
 반드시 강도높은 세무조사로 비리를 밝혀내야 정신차릴것같습니다.
도와주십시오.국민여러분!
모두가 웃으며 사는 세상이 되기를 희망합니다.감사합니다.

 [본 게시물의 일부 내용이 국민 청원 요건에 위배되어 관리자에 의해 수정되었습니다]",NaN,행정,2020-04-23,2020-05-23,naver
588309,청원종료,‘코로나19’로 인한 피해를 보상 받을 길 없는 민간 청소년수련시설에 대한  지원을 간곡히 청원합니다.,1514,"전 인류가 직면한 위기상황을 슬기롭게 대처하고 있는 우리 국가와 국민들에게 경의를 표합니다. 난데없는 바이러스의 공격과 경제적 타격으로 인해 고통 받는 국민들에게 최대한 도움을 주고자 동분서주 노력하시는 정부 당국자 여러분께도 감사드립니다. 

밤낮으로 애쓰시는 정부의 노고를 모르는 바 아니나, 그럼에도 불구하고 이 위기 상황에서 국가로부터 다양한 도움을 받는 여타 기관과 달리 어려움 속에서 도움 받을 길이 없어 절박한 마음으로 이렇게 국민청원에 글을 올리게 되었습니다.      

저희는 지리산 자락에 위치한 청소년 전문 수련시설입니다. 청소년수련원(이하 수련원)은 학교에서 쉽게 하지 못하는 자연친화적 체험학습을 위주로 하는 심신교육의 장으로 우리나라 청소년들의 인성교육에 중요한 역할을 하는 기관입니다. 대부분의 수련원들은 산간, 평야, 해안 등 자연경관이 아름다운 곳에 위치하여 청소년들의 정서 지능을 자연스럽게 향상시키고 호연지기를 일깨우는 곳입니다. 이러한 수련시설은 전국에 총 817개 소가 있고, 이 중에서 국가나 지자체가 운영하는 시설이 약 60%이며 나머지는 민간이 운영합니다. 

대부분의 수련시설들이 적게는 수십 명, 많게는 700~800여 명 가까이 집단으로 교육하는 장소이다보니 ‘코로나19’ 등 국가적 감염병이나 세월호 사건과 같은 대형 안전사고가 발생하면 행정적 차원에서 영업이 중단되어야하는 상황을 아무런 대책 없이 맞이하게 됩니다. 행정사항이 아니더라도 감염병의 경우는 운영을 중단할 수밖에 없고, 또 어떤 안전사고가 한번 발생하게 되면 국민들의 위기의식이 높아져 예약되었던 일정도 줄줄이 취소가 되고는 합니다. 

위기 상황이 아닌 일반적인 경우에도 보통 여행사나 여행업소의 경우 위약금 제도가 정착이 되어있어 취소가 발생할 때 일정부분 보상을 받고 있으나, 대부분 학교를 고객으로 하는 청소년수련원은 이런 위약금 제도마저 없어 평상시에도 계약이 취소될 경우 일방적으로 피해 금액을 떠안아야만 합니다. 이렇게 운영이 되고 있는 상황에서 메르스, 세월호, 코로나 등 주기적으로 발생하는 재난 사태 때마다 민간수련원들은 너무나 큰 경제적 타격을 입을 수밖에 없습니다. 

어쩔 수 없는 불가항력적인 사태라고 그냥 받아들이기에는 민간시설로서는 생존권이 달린 너무나도 절박한 문제이기 때문에 이런 일이 있을 때마다 어쩔 수 없이 폐업하는 수련원이 늘어나고 있는 실정입니다. 이러한 현실은 수련원 운영자에게는 사업 존폐의 위기이고,  직원들에게는 고용불안으로 인한 생존권 위협이 될 수밖에 없습니다.  이것은 청소년지도자들이 담당하는 교육 업무에 대한 적극성을 위축시켜,  결국 청소년들의 다양하고 질 높은 체험 교육의 기회를 박탈하는 결과를 초래하게 됩니다. 이는  우리나라 청소년 교육과 국가의 미래를 위해서도 매우 바람직하지 않은 일이라고 생각합니다.   

미래를 이끌 청소년들의 교육을 담당하는 한 축이라는 자부심과 사명감으로 어려운 여건 속에서도 꿋꿋하게 운영하여 왔으나, 이번 코로나19 바이러스로 인한 사태는 저희로서도 폐업을 심각하게 고민하지 않을 수 없을 만큼 큰 위기에 직면하고 말았습니다. 상반기에 예약되었던 일정이 모두 취소되었고 앞으로도 어찌될지 기약 없는 상황 속에서 막막하기만 합니다. 취소된 일정에 대한 위약금이나 보상 등은 일절 받을 수가 없는 실정입니다. 특히 이번 사태는 지금까지 유례 없었던 특별한 상황이라 정부에서 다양하게 많은 지원을 해 주고 있으나, 청소년수련원의 경우는 정부의 그 많고 많은 지원 중에서도 어느 한 곳 해당되는 곳이 없습니다. 

여행업계는 문체부에서, 의료업계는 보건복지부에서, 학교는 교육부에서, 중소기업은 또 해당부처에서 각각 다양한 방법으로 당면한 현안 문제를 지원해주는데 청소년수련시설에 대해서는 관리부처에서 아무런 지원 대책이 없습니다. 관계부처에서 단체활동을 금지한다는 공문이 오고 감염병 확산 방지에 동참해야 해서 어쩔 수 없이 수련원의 문을 닫아야 했습니다. 모든 수익 활동이 중단된 상황에서 오직 지원을 받을 수 있는 것이 휴업을 해야만 받을 수 있는 고용노동부의 고용유지지원금밖에 없었기에 내부적으로 프로그램 개발, 시설개보수 등 해야 할 일들이 산적해 있음에도 불구하고 직원들이 출근할 수 없는 ‘휴업’을 선택할 수밖에 없었습니다. 또한 이것은 인건비의 일부만 지원될 뿐 거액의 시설유지비나 세금 등은 온전히 수련원이 떠안아야 할 몫입니다. 상반기 수입이 전무한 상태에서 이러한 비용을 조달하기 위해 여러모로 다시 방책을 찾아보았으나 재난지원금으로 특별 지원하는 소상공인 대출에도 해당이 안되고 중소기업대출은 휴업 상태라 받을 수 없다고 합니다. 이런 상황에서 국토교통부로부터 안전시설 보강에 대한 고지를 받게 되었습니다. 정부에서 일부 지원하고 나머지 일부는 수련원이 자체 조달하여 더 강화된 안전기준에 부합되도록 시설을 보수하라고 하는데, 이 자금 또한 조달할 길이 없습니다. 

이러한 사태에 직면하여 지푸라기라도 잡는 심정으로 이렇게 글을 올리게 되었으니, 부디 아래의 청원 내용을 면밀히 검토해주시고 민간 청소년수련원도 우리나라 교육의 한 축으로서 청소년을 위한 양질의 수련활동을 제공하고 앞으로도 청소년수련활동이라는 본연의 업무에 더욱 충실하게 연구하고 발전해 나갈 수 있도록 배려해주시기를 간곡히 부탁드립니다.  



[실태] 
저희 수련원의 상반기까지의 예약은 모두 취소되었고, 조달청 입찰을 통해 낙찰 받은 학교 프로그램조차도 계약이 취소된 상황에서 수련원은 어떤 보상도 받지 못한 채 무조건 취소를 받아들여야 했습니다. 유관단체에서 예약 취소로 인한 상반기 피해액을 파악해갔지만 지금까지 어떤 해결책도 제시해주지 못한채 단지 ‘해결을 위해 노력 중이고, 고용유지지원금 신청이 있음을 알려준다’는 답변만 받은 상태입니다.

수련원의 주 고객은 학교인데 모든 계약 조건이 학교의 결정을 따르게 되고, 계약 취소의 경우에도 위약금과 같은 제도가 없어 수련원이 일방적으로 책임져야합니다. 청소년수련원은 기본적으로 규모가 크기 때문에 비워두어도 기본 유지비가 매월 수천만 원이 소요되는데 고용유지지원금을 받아도 인건비의 일부만 충당되는 것이라 시설유지비는 고스란히 수련원의 몫입니다. 

청소년 수련시설은 학교 단체예약이 거의 대부분입니다. 학교의 학사일정에 맞춰서 대부분 4월과 5월에 예약이 편중되고 그 수입으로 나머지 비수기에 매달 지출되는 유지비용과 점점 강화되는 안전시설 기준에  맞춰서 보수 및 시설 정비를 해왔습니다. 그러나 이번 사태로 상반기 예약이 모두 취소가 되어 수입이 전무한 상태에서 유지 비용뿐만 아니라 시설 보수 비용 또한 마련할 길이 없습니다. 정부로부터 단 하나 지원 받을 수 있는 ‘고용유지지원금’을 지원 받기 위해 직원이 출근할 수 없는 휴업을 하게 되어 시설관리, 교육프로그램 개발 등 산적한 일도 아무것도 할 수 없는 상황에서 시설 유지를 위한 적자 비용은 나날이 늘어가고 있습니다. 

 민간이 운영하는 수련시설은 국가나 지자체에서 위탁 운영하는 시설과 달리 평상시 지원금(수련활동비+인건비)이 전혀 없기 때문에 사스, 메르스, 세월호, 코로나 등의 사태가 발생할 경우 아무 대책 없이 직격탄을 맞을 수밖에 없습니다. 특히 이번 사태는 유래없는 장기간의 위기 상황이라 손실을 감당할 수가 없는 형편입니다. 


[여타 기관 지원 상황과 비교] 
항공, 해운•항만업계 지원, 여행•관광업계 지원, 외식업 긴급 지원, 스포츠산업 지원, 의료기관  지원 등등 많은 분야를 위한 재난특별지원금으로 수십조 원을 편성해서 배정하였지만 청소년수련원은 어느 한 곳에도 해당되지 못하는 실정입니다. 세금, 공과금 지원도 소상공인이나 자영업자에게만 해당하여 법인인 경우 혜택을 받을 수가 없습니다.

소상공인이나 중소기업지원을 위한 장기 저리 대출 안이 나와있지만 수련원은 소상공인에도 해당이 안되고 중소기업 지원을 위한 대출은 휴업상태라 대상이 안 된다고 합니다. 그러나 그나마 대출을 받을 수 있다고 하더라도 갚을 길이 없는 대출은 수련원의 파산을 앞당기는 일이 될 수밖에 없습니다. 


[청원내용 요약]
1. 청소년수련원도 여행업계처럼 예약 취소, 계약 해지에 따른 위약금 제도 등으로 일방적인 피해를 줄일 수 있는 기준을 법제화해주기를 청원합니다. 물론 이로 인해 계약 당사자인 학교 등 교육기관에 피해를 주어서는 안 되며, 다만 청소년수련시설이 일방적으로 피해를 모두 떠안지 않도록 합당한 정부 차원의 지원이 필요합니다. 

2. 예약이 전면 취소되는 국가적 재난이나 대형 안전사고 발생 시 청소년수련원이라는 시설의 특수한 상황에 맞는 지원도 추가해주기를 청원합니다. 지원금을 직접 지원하는 것이 어렵다면 세금감면이나 공과금 감면 등 실제 유지 운영에 도움이 되는 지원책이라도 마련해 주시기를 청원합니다. 

3. 청소년수련시설 또한 청소년을 위한 교육기관인 만큼 안전성능 보강을 위한 국가의 지원을 확대해 주시길 청원합니다. 또한 사립학교나 사립유치원, 어린이집에 보육료나 교사인건비를 지원해서 안정된 교육이 이루어질 수 있도록 지원하는 방안과 같이, 청소년수련시설도 청소년을 위한 양질의 수련활동을 제공하고 더욱 수준을 높일 수 있도록 (정부 운영 수련시설과 같은 정도의) 수련활동비와 인건비 등의 지원이 될 수 있도록 청원합니다. 


이상의 청원 내용은 청소년수련원이 여타 기관과 비교하여 형평성에 맞는 수준의 제도적 보완이라고 생각합니다. 꼭 이 부분을 면밀히 살피셔서 청소년교육에 자부심을 갖고 일하는 수련원 담당자들이 더욱 당당하고 진실된 마음으로 맡은 바 소임에 임할 수 있도록 혜량하여 주시기 바랍니다.",NaN,행정,2020-04-23,2020-05-23,naver
588321,청원종료,긴급재난지원금으로 상품권 지급을 멈추어 주세요.,876,"청와대 게시판에 청원이나 하러 왔습니다.
전국민 긴급재난지원금으로 100만원을 주겠다는 경기도가 상품권으로 줄 모양입니다.
그래서 저의 동네에 볼멘 소리를 전하러 왔습니다.
저는 자영업자도 아니지만 경기도 수원에 거주하는 시민으로 저의 동네에는 가게 몇 백군데 중에서 상품권으로 생필품을 살 수 있는 상품권 가맹점이 겨우 딱 1곳이고, 
그것도 1Km쯤 지나서 대기업 신세계 emart 계열사 everyday 대형 마트가 있습니다.
저는 이런 모순을 참을 수가 없습니다.
긴급재난지원금을 상품권으로 준다면 이것 또한 특혜 아닙니까?
진짜 어려운 자영업자는 상품권 가맹점 승인을 받기도 힘든 조건이라 가입도 못한답니다.
사정이 그런한 분들이 상품권 지급으로 그것도 긴급재난지원금이란 정부의 대책에 소외를 당하고 있는 형편입니다.
그분들의 한탄은 골목상권을 살린다는 취지의 상품권은 또 누군가의 혜택으로만 돌아갈 상황 때문인듯 합니다.
개밥의 도토리라고 푸념을 하는 것에는 그런 이유가 있습니다.
이러한 모순이 있는데도, 이게 진짜 경기부양과 국민을 위해 구호를 하려는 의지가 있는지 여쭙니다.
요즘 누가 지원금을 받아서 경기도 외곽으로 나가서 쓰겠습니까?
그 돈을 써봐야 다 집 앞입니다.
그게 진짜 골목상권이구요.
그렇게 모두 혜택이 돌아가야 당연한 것이 재난에 맞는 조치라 생각합니다.
전국민 기본소득이니, 상품권 지금이니 이러한 말장난은 모두 자신의 정치적 행위일 뿐입니다.
상황에 맞게 국가의 재정을 허트로 쓰지 않아야 그게 진정 국민을 위한 정책이라 사료됩니다.
문재인 대통령님!
저의 청원을 굽어살펴 주세요.
이번 경기도 방식의 재난기본소득의 방향은 경기부양 커녕 왜곡될 것이고,
그러한 여파로 동맥경화까지 생길 겁니다.
제가 사는 주변에서 상품권 가맹점에 가입되지 않은 영세 가게들이 수두룩 합니다.
그럼 그들은 어디에 원망을 해야 합니까?
어느곳 몇군데 가맹점만 떼돈을 번다는 말만 돌겁니다.
이게 형평에 맞는지도 여쭙니다.
지금은 재난 기간입니다.
목적과 취지에 부합하지 못하면 불만만 쌓여 결국 대통령님께 원망으로 돌아갑니다.
저는 이런 왜곡된 것을 바로잡아 주실 것을 간절히 바라면서 이에 청원을 드립니다.
2020.04.23 - 경기도 수원에서 청원인.",NaN,보건복지,2020-04-23,2020-05-23,twitter
588345,청원종료,일반인도 마사지업을 하게 해주세요,2136,"전세계 유일하게 한국만 마사지를 안마자격증을 취득한 시각장애인에게만 허용하고 있습니다.
일반인은 안마 자격증을 취득하려 해도 법으로 금지되어 있습니다.
장애인중에서도 시각장애인만 취득할수 있는 안마자격증을 가진 사람은 7천명인데 그중에 2천명 정도만이 현업에 
종사하고 있어서 전국 수천만 국민들을 대상으로 하는 마사지를 감당하기는 턱없이 부족합니다.

동네 소규모 스포츠센타, 비만관리업소, 건전한 마사지샵, 피부샵, 목욕탕.찜질방 등 일반 국민이 이용하고 있는 거의 대부분의 업소가 의료법 위반으로, 마사지 관련업에 종사하는 30만 국민들에게 과중한 벌금을 부과하고 있어서 영세자영업자들과 그들의 가족들의 생계를 위협하고 있습니다.

일반인에게는 자격증을 취득하려 해도 기회도 주지 않고, 직업선택의 자유를 침해하고 있는 전세계 유일한 악법이라고 생각됩니다.
국민의 건강이나 신체를 해치것도 아니고, 많은 사람들이 이용하는 시설을 오직 시각장애인이 아닌 사람들이 한다고 법 위반이라 하여 정상적인 세금을 내고 열심히 살고자 하는 수십만 사람들을 범법자로 내몰고 있습니다.
또한 수천만 국민도 의료법위반의 공범으로 만들고 있는 현상이  너무나 고통스럽고 참혹합니다.

대학에서 스포츠학과, 피부미용학과를 졸업한 젊은 청년들 일자리를 구하기가 너무 어렵고 열심히 공부한 청년들이 일반마사지샵에서 일을 하면 범법자가 됩니다.

시작장애인을 위한 제도라고 하면 마사지업을 영위하는 일반자영업자에게 특별세금을 부과해서 시각장애인을 지원하는 복지기금으로 사용하는 방법도 있을 것입니다.

일반국민의 기본권을 제한하는 법을 철회하여 주십시요!
시각장애인과 일반 마사지업을 하는 사람이 같이 상생할 수 있는 방법을 강구해 주시기를 간곡히 요청합니다!",NaN,보건복지,2020-04-24,2020-05-24,naver
588372,청원종료,질본과 공공의료인 포함 공무원의 연가보상비 삭감을 철회해주세요.,3292,"코로나19로 온 국민이 힘들어 하고 있습니다.
일상이 사라지고 언제 끝날지 모르는 두려움과 공포, 거기에 경제적 불황까지 겹쳐서 하루하루가 버거운 나날입니다.

그런 와중에 코로나19의 최전선에서 고생하고 헌신하는 질병본부를 포함한 공공의료인들과 공무원들, 그분들 덕분에 조금은 안심하고 안정을 되찾을 수 있었기에 늘 감사하는 마음이었습니다. 그분들 아니었다면 펜데믹 상황에서 어떤 결과가 펼쳐졌을까 생각하면 상상만 해도 끔찍합니다.

그런데 코로나19 재난극복을 위한 추경예산 편성에서 질본을 포함한 공무원들의 연가보상비 삭감분이 반영되었다는 소식을 들었습니다. 너무나 충격적이었고 공무원이 아닌 저로서도 배신감에 사로잡혔습니다.

밤낮으로 잠도 못 자고, 휴일도 없이 환자 돌보고 관리하고 고생한 결과가 '연가보상비 삭감'이라니요.
이래서 누가 공무원 하고 싶겠습니까? 누가 위기의 순간에 국민을 위해 앞장서서 헌신하고 고생하겠습니까? 

코로나19 사태가 장기화 될 것을 우려하고 있습니다. 겨울이 오면 다시 대혼란이 올 수 도 있다는 전망까지 나오고 있는 마당에 고생하고 헌신한 공무원들에게 보상은 못 해줄지언정 이건 아니지요. 공무원도 국민입니다. 그들도 국가로부터 보호받을 권리가 있습니다.

공무원 임금을 삭감하는 대상에는 질병본부와 공공의료진을 포함하여 백신을 개발하는 연구원도 포함 되었다고 합니다. 하루속히 백신이 나오길 학수고대하고 있는 국민들의 열망을 모르시는 겁니까? 현 사태의 심각성을 해결하고자 하는 의지가 없는 겁니까?

아무리 돈이 없어도 이렇게 하는 건 아닙니다. 고생하고 헌신한 공무원들의 임금 빼앗아서 아무리 좋은데 쓴다고 한들 그것이 전체 국민들을 위한 진정한 해법은 아닌 것입니다. 

저도 자영업을 하고 있습니다. 너무나 힘들고 폐업을 할지 말지를 고민하고 있는 절박한 상황이지만 누군가의 희생을 빼앗아서 제 주머니를 채우고 싶지는 않습니다. 주민센터로, 소상공인지원센터로 발이 부르트게 돌아다닐 때, 단 한번의 찡그림 없이 늘 친절하게, 성심성의껏 답변해주고 도와주신 건 국회의원도 아니고 청와대도 아닌 일선 현장에서 일하시는 공무원들이었습니다. 그 분들께 얼마나 감사했는지 모릅니다.

따라서 요청합니다.
공무원 연가보상비 삭감을 철회해주십시오.
오히려 고생하고 헌신한 공무원들에게 초과근로수당 제대로 지급해주시고 그들의 사기를 떨어뜨리지 말아 주십시오.

청와대와 국회가 해야할 일은 토사구팽이 아니라 국민들에게 힘과 용기를 주는 것입니다.",NaN,안전/환경,2020-04-24,2020-05-24,kakao
588392,청원종료,코로나 19 로 인한 경제위기는 IMF의 수백배에 달하는 파괴력이며 자영업 지원도 역대급입니다,189,"저는 서울특별시에서 조그만 영세 자영업을 운영하는 소상공인입니다

코로나 19 로 인한 경제위기는 IMF의 수백배에 달하는 파괴력을 지니고 있으며

그 어둠의 터널속에서 영세 자영업자는 불면의 나날을 보내고 있습니다

이에 정부와 지자체는 연일 자영업 대책을 쏟아내고 있습니다

자영업 지원에 나서고 계신 일선 부서 현업 공무원께 감사의 말씀을 우선 전합니다

저는 일상에 관련한 블로그와 유튜브 채널을 운영하고 있으며

요즘은 코로나 19 자영업 정책등에 관한 글과 생각들도 업로드 하고 있습니다

그러던 와중에

부산광역시에서 진행중인

“영세 소상공인 민생지원금 100만원 지원 사업” 에 관한 정보를 획득하였고

소상공인에게 실질적 도움을 즉각적으로 줄 수 있는 아주 좋은 지원책이라 생각하게 되었습니다

그런데 이 지원책 관련하여 약간의 아쉬움이 남아 이렇게 밤늦게 글을 올리게 되었습니다

부산광역시 홈페이지를 참조하여 보면

“ 지원대상

중략 - 부산 내 주민등록 및 사업자등록 된 소상공인 “

이런 요건이 명시되어 있습니다

or의 개념이 아니고 and의 개념입니다

즉 부산광역시에 거주(주민등록) 하고 부산광역시에서 사업을 영위(사업자등록)하는

두가지 요건을 동시에 충족시켜야 합니다

제 개인적인 생각으로는 사업자등록의 요건만으로 요건을 완화하고

만약 추경예산등의 문제 때문이라면 (지원요건 산정 전 공무원이 시물레이션을 통하여 수혜대상이 되는 숫자를 먼저 파악하는 것으로 추측되며 이러한 추측상 두가지 요건을 동시에 충족해야만 예산 범위내에 들어오므로 그렇게 한 것이 아닌가 예측됩니다)

지원금을 100만원이 아닌 80만원으로 낮추고

수혜대상자를 확대하는 것이 더욱 실효성 높은 정책이라고 생각됩니다

대한민국 국민과 공무원 누구나 지켜야 하는 최고의 규범은 헌법입니다
이러한 대한민국 헌법에는 평등권이 명시되어 있습니다

청원과 관련하여 유의미한 헌법재판소의 결정문을 일부 인용하며 글을 맺고자 합니다
평등권에 관하여 헌재는 고엽제 사건에서 다음과 같은 기준을 제시하였습니다

“ 수혜자 한정의 기준은 어디까지나 합리적인 이유가 인정되어 그로부터 배제되는 자들의 평등권을 해하지 않는 것이어야 한다. ”

(출처 : 헌법재판소 2011. 6. 30. 2008헌마715, 2009헌마39ㆍ87(병합)

즉 주민등록과 사업자등록을 요건으로 정한 그러한 기준에 어떤 합리적인 이유가 있어야 하며
이로 인하여 배제되는 자(ex 주민등록은 부산이외,사업자주소지는 부산)의 평등권을 침해하지 않는 것이어야 한다고 개인적으로 생각합니다.

한편 제 청원으로 인하여 현업에서 열심히 자영업 지원에 관하여 노력중이신 실무 공무원들에게 부담이 되지는 않기를 바랍니다

출처 : 헌법재판소
사건 : 고엽제후유의증 환자지원 등 에 관한 법률 부칙 제2조 위헌확인
(2011. 6. 30. 2008헌마715, 2009헌마39ㆍ87(병합))
결정 : 위헌

일부발췌

(2) 제도의 단계적 개선의 문제
헌법재판소는 “헌법상 평등의 원칙은 국가가 언제 어디에서 어떤 계층을 대상으로 하여 기본권에 관한 사항이나 제도의 개선을 시작할 것인지를 선택하는 것을 방해하지 않는다. 말하자면 국가는 합리적인 기준에 따라 능력이 허용하는 범위 내에서 법적 가치의 상향적 구현을 위한 제도의 단계적인 개선을 추진할 수 있는 길을 선택할 수 있어야 한다. 그것이 허용되지 않는다면 모든 사항과 계층을 대상으로 하여 동시에 제도의 개선을 추진하는 예외적인 경우를 제외하고는 어떠한 제도의 개선도 평등의 원칙 때문에 그 시행이 불가능하다는 결과에

이르게 되어 불합리할 뿐만 아니라 평등의 원칙이 실현하고자 하는 가치에도 어긋나기 때문이다.”라고 반복적으로 판시하여(헌재 1991. 2. 11. 90헌가27, 판례집 3, 11, 25; 헌재 2005. 9. 29. 2004헌바53, 판례집 17-2, 174, 185 등 다수) 제도의 단계적 개선의 경우는 평등원칙의 예외가 되는 것으로 인정해 왔다.
이 사건도 앞서 본 바와 같이 애초 고엽제후유의증환자의 가족에 대하여 아무런 지원을 하지 아니하던 것을, 생존환자의 가족에게만 교육지원, 취업지원을 실시하도록 개선하고 다시 일부 사망환자의 가족에게도 그와 같은 지원을 확대하기로 한 입법의 변천과정에 비추어 볼 때, 제도의 단계적인 개선에 해당하는 것으로 볼 수 있다. 이러한 경우 수혜자의 수업료 등 교육비를 부담해야 하는 교육기관과 국가의 재정능력, 채용시험 시 가산점을 부여받는 사람들이 늘어남에 따른 일반인의 공무담임권 제약 정도 등을 고려하여 모든 대상자 중 일부로 수혜자를 한정하는 것이 정당화될 수 있다.
그러나 앞의 선례에서도 국가가 제도의 단계적 개선을 추진하는 경우에 해당한다고 하더라도 능력이 허용하는 범위 내에서 ‘합리적인 기준’에 따를 것을 요구하였던 것처럼, 국가가 모든 대상자 중 일부로 수혜자를 한정하는 경우에 그러한 입법적 형성은 무제약적 자유의 영역에 속하는 것이라고 할 수는 없는 것이고, 수혜자 한정의 기준은 어디까지나 합리적인 이유가 인정되어 그로부터 배제되는 자들의 평등권을 해하지 않는 것이어야 한다.",NaN,보건복지,2020-04-27,2020-05-27,naver
588467,청원종료,소비자의 인터넷 갑질로 부터 자영업자가 최소한의 보호라도 받을 수 있는 법을 만들어 주세요.,2991,"소비자의 인터넷 갑질로 수 많은 자영업자들이 고통 받고 있습니다.

조금만 마음에 안들어도 인터넷에 글을 올려 영업을 방해하고 매장 이미지를 추락시킵니다.

안좋은 후기를 올려놓고 자영업자가 연락을 취해 게시글을 내려달라고 하면 터무니 없는 금전적 보상을 요구합니다.

자영업자는 그 부당한 요구를 들어줄 수 밖에 없습니다. 영업을 해야 하니까요?

법적으로 대응한다고 해도 이미 추락한 매장 이미지는 복구되지 않으며 

법적 처분도 소비자의 경험에 의한 사실적 적시로 판결하는 경우가 많습니다.

소비자의 주관적 느낌으로 '불친절하다, 맛이 없다, 제품이 안좋다'를 어떻게 수치화 하거나 계량할 수 있겠습니까?

언제나 을이 될 수 밖에 없는 대한민국의 수 많은 자영업자들이 

소비자의 인터넷 갑질로부터 최소한의 보호라도 받을 수 있는 법을 만들어 주십시요.

자영업자도 대한민국 국민입니다.

아래는 소비자의 악랄한 인터넷 갑질로 폐업까지 하게 된 사례입니다.



[만나보지도 못한 사람에 대한 분노 때문에 스스로 인생을 망친 병신입니다]

저는 병신입니다.

50을 바라보는 나이에 자신의 감정을 다스리지 못하고 끝내 인생을 망쳤습니다.

분노와 복수심은 저를 파멸시켰습니다.

몸과 마음은 모두 병들었습니다.

이제 아무것에도 의미를 느끼지 못합니다. 

하소연 한번 하고 모든걸 다 포기합니다. 



저는 웨딩컨설팅 업을 합니다. 

이제 다 끝났으니 이름이 노출되어도 상관 없습니다.

***웨딩클럽입니다. 

어느 고객님의 결혼식이 끝난 후 컴플레인이 들어왔습니다. 

신랑. 신부가 아닌 신랑의 누님이셨습니다.

웨딩촬영은 하지 않는다. 웨딩드레스는 미국인 신부가 준비했다. 

헬퍼도 누님 자신이 하시면 된다며 결혼식 사진을 찍는 원판과 메이크업만 소개해 드렸던 분이셨습니다.

원판 업체에 연락을 해서 잘못되었다는 사진을 확인하였습니다. 

원판 사장님 말씀을 포함해서 그 사진에 대해서는 거론하지 않겠습니다.

주관적 영역이기 때문입니다. 

그 누님이 사진을 마음에 들어하지 않으셨습니다.



그 누님이 요구사항대로 구도와 밝기 등 원본 전체 수천컷을 모두 수정해서 앨범을 제작해 

출고했으나 이번에는 앨범의 재질이 마음에 안 드신다며 본인이 직접 앨범의 재질을 선택해서 

이렇게 제작해라 하셨고, 출력 할 종이의 재질까지 지정하셨다고 합니다. 

원판 사장님께서는 그 분의 요구를 모두 다 맞쳐드렸습니다.



7개월이라는 시간이 흘렀습니다.

어느날 새벽.  큰일 났다며 전화가 왔습니다.

출근해서도 수십통의 전화가 걸려왔습니다 

그 누님이 이틀에 걸쳐 대형 웨딩카페 등 여러곳의 커뮤니티에 저희 회사 이름을 그대로 노출하여 

형편 없는 업체라는 장문의 글들을 올리셨습니다.

내용에는 앨범에 들어가지도 않은, 원본중 건질 수 없는 사진을 직접 찍어서 

앨범에 들어간 사진인 것 처럼 거짓으로 첨부하셨습니다.

이 카페에도 올리셨습니다. 




그 누님의 글들은 수천건의 조회수, 수백개의 덧글들이 달렸습니다.

다른 관련 게시글에도 수 많은 덧글을 다셨고 저희 기존 계약자에게 쪽지도 보내셨습니다. 

몇분인지는 확인할 수 없었습니다.

진행중인 신부님께서 이런 사람이 있다며 빨리 조치를 취하셔야 할 것 같다고 회사로 전화를 주셨습니다.



네이버에 회사명을 검색하면 pc와 모바일 모두 그 누님의 게시글이 최상단 1.2.3.4번 순으로 

나열되었습니다.

후회되는 ***웨딩클럽

형편없는 ***웨딩클럽

ng컷으로 앨범을 제작해 주는 ***웨딩클럽

황당한 업체 ***웨딩클럽

해탈한 업체 ***웨딩클럽.



그 누님의 도배글 여파는 상상을 초월했습니다. 

기존 계약자분들은 계약을 파기하셨고 아무런 영업도 할수가 없었습니다.

회사가 초토화 되었습니다. 

게시글 내려달라고 전화를 드렸습니다. 

컴플레인에 대하여 원하시는대로 사후 처리를 다 해드렸고 

결혼식이 끝난지 7개월이 지난 시점에 왜 그러셨는지 여쭈었습니다.

제가 인테리어를 새로 한것이 문제였습니다.

그 누님께서는 

제가 남동생분의 결혼식을 망쳐서 지금까지 눈물을 흘리며 고통을 받고 있는데 

당신은 회사 인테리어를 하냐고 하셨습니다.

얼마전 부동산 처분하고 아파트 전세대출로 받은 2억원까지 전재산을 투자해 

인테리어 공사 한것을 인터넷에서 보신듯 하였습니다.



그러면서 ***웨딩클럽 돈 주고 게시글 내려달라고 많이 하셨다면셔요?

이상한 느낌이 들어 통화를 마쳤습니다.

주위에서 민.형사 고소를 하라고 하셨지만 병신같은 저는

사실 여부를 떠나서 고객과 논쟁을 하거나 심지어 법적으로 대응하는 것은 옳지 않다고 생각했습니다.



네이버에 명예훼손으로 게시글 내려줄 것을 요청하여 글이 내려갔으나 곧 다시 게시가 되었습니다.

누님에게 카톡이 왔습니다.

5분만에 다시 게시가 되던데요? ㅋㅋㅋㅋㅋ

그 누님이 네이버측에 이의를 제기하고 재게시를 요청하셨습니다.



그때부터 악몽이 시작되었습니다. 

회사가 걷잡을 수 없이 망해갔습니다. 전화를 드렸습니다.

회사가 망해가니 제발 게시글을 내려 달라고 말씀드렸습니다.

자신은 게시글 내릴 생각이 전혀 없으며 없는 사실을 이야기 한것도 아니니 문제될 게 없다고 하셨습니다. 

누님께서는 이제 원판 사장님은 용서하신다고 하셨습니다. 

그 이유는 게시글 내려달라는 전화를 한번도 하지 않았기 때문이랍니다.

저는 용서가 되지 않는다 하셨습니다. 게시글 내려 달라고 전화를 해서 말입니다.



네이버에서 그 누님의 게시글 순서를 내려 보려고 직원들이 다른 카페에 글을 올렸습니다.

누님에게서 카톡이 왔습니다. 

게시글 올리지 마라. 

카페 운영진에게 다 신고했다. 

게시글 다 삭제됐다.

다 지켜보고 있다. 계속 해봐라. 계속 신고할테니...



도저히 이 분에게서 벗어날 수 없다는 생각이 들었습니다. 

그분의 게시글들과 새로 달리는 그 분의 덧글들을 바라만 보며 지옥같은 날들이 흘러갔습니다.

전화를 드렸습니다.

제발 살려달라고 했습니다. 

무릎 꿇고 빌겠다고 했습니다.

홀애비로 아이 둘과 어렵게 살고있다. 

제발 아이들과 함께 살 수 있도록 아량을 베풀어 달라고 했습니다.

그건 내 알바 아니다라고 말씀하셨습니다. 

카톡을 보내셨습니다. 

사업이 감정에 호소할 일이냐? 지금까지 그런식으로 사업을 했느냐?



50일이 흘렀습니다.

회사는 이미 끝장났습니다. 울분을 참고 다시 전화를 드렸습니다. 

이대로 폐업하는걸 원하시는 것이 아니시라면 원하시는건 무엇이든 들어드리겠다. 

최종적으로 제안드린 것은 동생분께 국내 최고가의 스튜디오에서 웨딩촬영을 진행해 드리겠다. 

원판 사장님께 부탁드려 별도로 야외촬영도 진행해 드리겠다.

누님께서는 알겠다 하시고 약정서를 받아야 겠으니 저와 원판 사장님 둘이 문서화 한 후 

각자 날인해서 이미지를 보내라 하셨습니다.



원판 사장님 오시라고 해서 둘이 함께 내용을 작성하고 각자 날인해서 문자로 보내드렸습니다.

원판 사장님이 말씀하셨습니다. 

결혼식날 사진을 찍으셨던 여성작가는 그 누님의 도배글들을 다 읽어 보시고 참을 수 없는 분노와 

일에 대한 회의감을 느껴 일을 그만두셨고 원판 사장님 자신도 같은 이유로 일을 그만 두신다 하셨습니다. 

그러지 마시라 설득했습니다.

이제 다 해결되었다고, 다 끝났다고..... 

누님께서 문구가 마음에 안든다 하셨습니다. 자신이 수정한 후 답신하겠다고 하셨습니다.



다음날 아침. 

전 태어나서 가장 극한 감정을 느꼈습니다.

그런 감정은 평생 느껴본적이 없습니다.

차에 들어가 창문을 올리고 차를 부수며, 괴성을 지르며 울었습니다. 

손이 부러졌습니다. 

그 울음은 이제 큰일 났다는 그런 의미가 아니였습니다.

살의를 느꼈습니다.

그 누님이 자신이 쓴 모든 게시글을 수정하셨습니다. 

가로를 열고 새로 바꿀 수 밖에 없었던 회사명인 *****을 추가하셨습니다.



이제는 예전 회사명, 바뀐 회사명. 

무엇을 검색해도 pc와 모바일 상위 1.2.3.4번이 모두 누님의 게시글이였습니다.

가슴이 터질 것 같았습니다.

밤을 꼬박 세우고 아침이 되길 기다렸다가 짧은 카톡을 드렸습니다. 

왜 그러셨나요?

답장이 왔습니다.

어따대고 아침부터 윽박을 지르느냐? 

하루도 못참는 사람이 무슨 사업을 하느냐?

그런 마인드로 직원들 통솔은 되느냐? ㅋㅋㅋㅋㅋ



죽고 싶었습니다. 

지나가는 차에 뛰어 들어 죽으면 그 분이 지금 무슨 행동을 하고 있는지, 

조금은 뜨끔하지 않을까? 싶은 충동까지 일어났습니다.

감정을 도저히 추스릴수가 없었습니다.



늦은 밤 카톡이 왔습니다.

아무래도 사장님이랑은 대화가 안된다. 돈으로 달라.

합의금이 얼마냐 여쭈니 

계속 단어 선택이 마음에 안 드는데 단어 선택 똑바로 하라고 하셨습니다.

정확한 금액은 말씀을 안하셨습니다.

다 마음에 안들지만 

부케 던지는 컷이 특히 마음에 안드니 미국에 있는 동생 불러다가 결혼식 사진을 다시 찍겠다.

신랑과 신부. 그리고 들러리까지 성수기 기준 뉴욕 항공권에 준하는 금액을 달라.

그 금액이 얼마냐고 재차 여쭈니 그걸 왜 나한테 묻냐며 직접 계산해 보라고 

실시간 뉴욕 항공권 금액과 계산기 어플을 보내셨습니다.

얼추 500만원이라는 금액이였습니다.



전 송금을 했습니다. 

전 재산을 투자해 놓고 이대로 폐업을 할수는 없었습니다.

카톡이 왔습니다.

입금 확인했다.

알고보니 사장님 나쁜 사람은 아닌 것 같다. 

나도 사람인지라 지금 인터넷에 올린 글들을 지우고 있다.



그리고 추가하시는 말씀.

사업 방향 이렇게 잡아라. 

마케팅은 이렇게 해봐라.

신부들의 감성을 건드려 봐라. 

회사 이름은 세련되게 잘 바꿨다. 



다 끝났다고 생각했습니다.

모든건 다 내 탓이다. 

좋은 경험을 한거다. 

시간이 지나면 지금의 감정은 점점 작아진다.

이제 다시 시작하면 된다. 



그런데 그게 되지가 않았습니다. 

이미 처참하게 난도질 당한 회사는 회복이 되지 않았고 저는 아무일도 할수가 없었습니다. 

하루 종일 그 분의 성함과 사진속에서 웃고 있는 그 분의 얼굴을 떨쳐낼수가 없었습니다.

새벽에 무작정 운전을 해서 바다를 보러가도, 술을 마셔봐도, 공원을 지칠때까지 몇시간씩 걸어봐도....

밤이 너무 길었고 아침이 오는 것이 두려웠습니다.

제발 살려달라고 애원할때 ""그러게 진작에 대처를 잘 하셨어야죠"" 하시며 웃던 목소리와 

그 분이 보낸 조롱의 카톡 내용들을 수십번, 수백번을 다시 듣고 다시 보면서 

저는 정신이 병들어감을 느꼈습니다.

매일밤. 최고로 악한 생각을 계속하면서 마지막 남은 인간성까지 파괴되어감을 느꼈습니다.



애비 노릇도 못하였습니다. 

아이들에게 신용카드만 쥐어주고 밥도 차려주지 못했습니다. 

삼부자 알콩달콩 살자고. 

엄마 없는 만큼 더 잘해주겠다고 늘 다짐했었는데요.

집안은 더 이상 화목하지 않았습니다. 아이들은 제 눈치를 보며 집 밖으로만 겉돕니다.

나이도 있고 사회 경험도 많은 제가.

왜 그 분에게서 벗어나지 못하고 스스로 인생을 망가트리고 있는지 이해가 되지 않았습니다.

이대로 망하면 아이들과 길거리로 나앉게 된다. 정신 차려야 된다고 수십번, 수백번 다짐을 해도 안되었습니다. 



저는 이제 완전 다른 사람이 되었습니다.

모든 인간관계를 끊었습니다. 

세상이 지옥으로 변했습니다. 

체중이 많이 빠졌고 치아가 흔들립니다.

없던 새치가 생겼고 눈에는 황달이 왔습니다.

오른쪽 귀에서 윙~하는 울림과 함께 소리가 들리지 않습니다.

식사를 하지 않는데도 임산부처럼 배가 부풀어 오릅니다. 

잠을 잘수도 식사를 할수도 없는 상황까지 이르렀습니다.

이제 다시는 예전의 나로 돌아갈 수 없다는 것을 느낍니다.



병신같은 제 탓으로 

열명이던 직원이 하나, 둘 그만두고 이제 두명만 남았습니다.

오늘 원년부터 경리를 보시는 직원분이 눈물을 글썽이시면 말씀하시더군요.

이제 정리를 해야 할 것 같다고.....



오늘 최종적으로 결정을 했습니다. 

현재 진행중이신 신부님 마지막 예식이 2020년 10월입니다.

지금부터 그 시기 이후의 결혼식 계약을 받지 않고 마지막 신부님 예식까지 최선을 다해 무사히 마치고, 

매장 인테리어 원상복구 해 드리고 11년간의 여정을 마치려고 합니다.

아이들 장가갈때 작은 집 한채씩은 해줄 수 있을꺼라 생각했었는데

이제는 회사도 집도 다 날아가게 생겼습니다.

못난 애비 때문에 앞으로 경제적 어려움을 겪게 될 아이들에게 미안합니다.



부질없는 복수심에 변호사를 찾아가 상담을 받았습니다.

모든 자료를 검토하신 후 제게 하신 말씀은

형사. 민사 모두 소송이 가능하지만 그러지 마시라.

자신이 볼때 사장님은 그 누님과 소송을 벌일만한 맷집이 없어보인다.

다시 나쁜 기억과 자료를 하나하나를 되살려야 하는데 사장님 현재 모습을 보니 버티실 수 없으실 것 같다.

그 분 말씀이 맞을겁니다.



000씨. 정말 묻고 싶습니다.

저와 있었던 일이 한달에 한번이라도 생각이 나시나요?

만약 그렇다면 000씨에게는 유쾌한 기억입니까?

정말 그렇게까지 극한으로 몰으셔야 했습니까? 

당신의 행동이 누구를 죽일수도 있다는 생각은 못하셨겠지요.

인터넷에 회사 이름 걸고 공개 사과문을 올리라고 하셨지요?

뒤 늦게 이 글로 대신합니다.

당신의 얼굴을 직접 보지 못한 것이 원통합니다.

 [본 게시물의 일부 내용이 국민 청원 요건에 위배되어 관리자에 의해 수정되었습니다]",NaN,기타,2020-04-29,2020-05-29,kakao
588496,청원종료,은행 이자라도 내려 주셔야 하는거 아닌가요?,155,"빚도 자산이다????

저는 경기도에 사는 자영업자이자 유통업자입니다.
몇해전 나이는 먹고 생계는 유지해야 하기에 나름의 계획으로 자영업을 시작했고 임대기간동안 여러 가지 이유로 보증금을 날리기도 하고 한번씩 이사를 하기위해 몇천만원의 손실을 감수해야 했고 아울러 건물주들의 횡포에 지쳐 부득이하게 은행대출을 얻어 작은 상가를 인수했으나 이것이 제게는 족쇄가 되어 노예 아닌 노예 생활을 하고 있습니다.
빚도 자산이다 라는 이유로 갑자기 늘어난 건강보험료 폭탄을 감수해야 했고 여러 가지 사회적 제도도 누리지 못하며 꼬박꼬박 은행 빚을 갚기위해 허덕여야 합니다.
혹자는 자기 건물이니 어쩌니 하지만 법을 이용한적도 활용한적도 없이 있는 그대로 신고하고 시작한 개인사업으로 마련된 이 공간으로 인해 발생되는, 이자야 당연히 감수해야 하지만 꼬박꼬박 세금내고 혹여라도 은행 대출 원금은 고사하고 은행이자도 못 갚으면 여적의 고생이 수포로 돌아갈까 여기저기 돈을 빌려 애써 버티고 있습니다.
크지 않은 나라에서 무슨 길은 그렇게 뚫고 확장 하는지 이미 유통라인도 깨져버렸습니다.
대출금 때문에 이러지도 저러지도 못하는데 매번 그놈의 빚도 자산이라는 이유로 혜택도 없습니다.
많은 자영업자들이 보호를 받고 있지만 저는 빚을 안은 빚도 자산이라는 납득하기 어려운 세법의 테두리에 갖힌 일명 건물주라는 이유로 같은 자영업자 임에도 보호는 기대할 수도 없습니다.
필요에 의해 빚을 떠안고라도 그 건물주들의 횡포에서 벗어난 댓가는 나라가 정해놓은 법이라는 울타리에서 보호도 위로도 받지 못하고 있습니다.
사는 건 있는 사람이나 없는 사람이나 다 똑같은데 열심히 사는 것도 죄인 요즘에 저는 일용직 노동자보다 못한 현실에서 자괴감만 듭니다.
묻고 싶습니다.
빚도 자산이면 이런저런 배려 많은 이 나라가 제게 해줄 수 있는 건 무엇입니까?
제가 받을 수 있는 혜택은 무엇이 있습니까?
실 자산이 있어도 잘 감추고 사는 사람은 임대아파트에도 살고 외제 차를 모는 그런 일부의 자영업자들도 누리는 혜택을, 살기 힘들다고 많은 자영업자들이 누린 근로 장려금 구경도 못했고 빚으로 구성된 자산도 자산이라고 국가도 정의를 만들어 애써 외면하고, 반면 은행은 대출을 해주는 댓가로 실적을 빙자한 목조르기를 하고 이자가 밀리거나 못 갚으면 압류조치 할 수 있다는 둥  착한 건물주가 있는 반면 착한 은행은 없습니까?
무엇이 되었던 열심히 살아온 시간들이 이제는 얼마나 무모한 시간들이였는지 누가 이 답답함을 해소해 줄것인지 묻고 싶습니다.
어떻게 빚도 자산입니까?
남들 내는 임대료 저 은행에 원금은 고사하고 이자만도 버겁지만 꼬박꼬박 납부합니다.
그나마 피해온 건물주들의 횡포에서 벗어난 댓가로요.
최근 그것도 못갚을까 대출을 내고 싶어도 못합니다. 안해줍니다.
이자가 비싸 갈아 타기 하고 싶어도 타지 못하는 이유 많습니다.
해주지 않죠 은행이!! 나름 만들어진 국가의 정책으로 그리고 중도 수수료!!! 
할수업이 부탁부탁해서 간신히 추가 대출 받으면 은행 횡포 참아야 합니다.
추가 대울을 위해 혹은 기존 대출에대한 이율 내려달라고 하면 또 적금들어야 합니다.
현실??? 적금 들려면 대출을 낼까요? 그래도 필요하니 돈 꿔서라도 적금 혹은 은행에서 제안하는 기타의 제안을 수락해야만 합니다.
이거 다 1금융권 현실입니다.
그리고 이율??? 잠깐 체감도 안되는 만큼 내린 듯 하지만 다시 야금야금 올라가는 여전히 저는 그 이율에 묶여 있는 일명 하우스 푸어입니다.
4대보험???? 빚도 자산이라고 월 실 소득 얼마던 간에 이 죽일놈의 가게 때뮨에 건강보험료 폭탄 받았습니다.

빚도 자산이다??????? 이거 갚아야 말 그대로 자산입니다.
직장인 자산이 얼마 있던 소득액에 따라 가족구성원에 따라 여러 가지 등등 혜택을 받지만 자영업자 특히나 저같은 자영업자는 빚마져 뭉뚱그려 자산으로 둔갑한 그대로 오픈되는건 기본이고 저같이 똑똑하지 못하면 나라가 정한 법의 테두리를 벗어나거나 이용 혹은 활용하지 못하면 이렇게 보호 받지 못하는 빚도 그져 자산이라는 테두리에 갇힌 고소득자???? 일 수밖에 없는 겁니까?
저 얼마전 한해 순이익 700만원 이였을 때 연금공단 연금 내라 하는데...순이익 700??
사업상 비용 그리고 개인비용 구별하라 해서 구별했습니다.
순이익 700! 그것으로 개인비용 가능합니까???
개인비용 년간 700만원으로 해결됩니까???
숫자상 고소득자!
빚은 모르겠다?? 다만 것두 자산이다?? 세금 폭탄! 그져 옵션으로 따라옵니다.
이런 저런 혜택 받으려면 그것도 증명을 해라??? 나름 증명 해봐도 역시나 법의 테두리로 차단되더군요.
빚만 없으면 이 지긋지긋한 노예생활 벗어나고 싶지만 차라리 직장인이고 싶지만 이도저도 안되네요.
열심히 그져 버텨온 현재가 지금은 전 하루하루 알콜중독자가 되가고 있는 하우스 푸어 고소득자라네요.
국가가 정해놓은 이 알 수 없는 숫자의 정의 앞에 말입니다.
열심히 아니 그져 버텨온 현실앞에 놓여진 숫자! 저는 제가 버티기 위한 선택의 이공간에 갇힌 언젠가 이 마져도 못 버티면 고스란히 은행에 이 공간마져 빼앗겨 버리는 빚 마져 자산인 고소득 자영업자라네요. 국가는....그러나
은행도 나라도 외면하겠지요?? 정책앞에선 고속득자! 갚지 못하고 망하는건 네 사정이다.라고...

저는 묻고 싶습니다.
그리고 답변을 요합니다.
빚이 자산이라면 저 같은 사람이 어떻게 살아가고 버텨야 하는지 말입니다.
저같이 빚도 자산이라 권리도 행복추구권도 없는 오늘도 이 허탈함을 스스로 알콜로라도 위로해야하는 내일도 없는 국가가 정해놓은 빚도 자산인 빚 많은 자영업자는 국가의 잣대에 의한 고소득자 인지 말입니다.",NaN,경제민주화,2020-05-04,2020-06-03,naver
588501,청원종료,택배일을 연결해주는 회사의 두얼굴,166,"안녕하세요
너무 답답하고 억울해서 아니 그냥 가만히있음 우리같은 피해자들이 줄줄이 생겨날것같아 이곳에라도 글을 올립니다.
저희 신랑은 자영업을하다 너무 힘들어져 일을 접고 다른일도 시도해봤지만 그것마저도 잘안되고 가정생활은 점점 기울어져 붕괴되기 직전까지 갔습니다.
아이를 생각해서 신랑과 다시한번 맘을다잡고 해보자고 하고 취업사이트로 통해 이일저일 알아보는데 택배일이 자기 일한만큼 돈을 벌수있는것같아 택배일을 알아보는데 어떻게 들어가야되는지가 막연하더라구요
택배회사마다 올라온것들이 알아보니 다 하청일처럼 연결회사를 타고 들어가야되더군요
그러다보니 트럭도 캐피탈로 사야되고 시세보단 천만원이나 더 비쌌습니다
저희에겐 손해인줄 알았지만 이일을 시작하는 방법은 그 방법밖에는 없기에 거기에서도 회사를 추려서 젤 피해가 없을것같은 회사를 골랐습니다
몇몇회사들은 돈을 요구하는곳도 있었고 그만둘때 트럭을 저희신랑이 떠안고가야하는 곳도 있었고 그나마 저희 신랑이 괜찮다는곳은 그만두고 싶을때 트럭을 반납하고 처음시작할때 받은 부과세 환급금만 도로 뱉어내면 된다는 조건이였습니다.
이정도면 손해를 보더라도 괜찮다고 판단 계약을 하게되었습니다.
신랑이 혼자가는것보다 내가 증인처럼이라도 가는게 낫다고 제안하여 저도 그곳에 같이 가게되었습니다
신랑은 주변에서 얘기들은것도 있고해서 누구나 말만들으면 아는 택배회사에서 일을 하고 싶어서 얘기했는데 택배당  수수료를 얘기하면서 딴회사를 추천해주셨고 자리가 나오면 연결시켜주겠다는 소리만하더군요
그래서 자리가나면 해주겠지하고 일단 거기서 연결해준 회사에 출근을 해서 일을 시작했습니다
근데 일을 하면 할수록 택배일이 돈을 벌수있는 일이 아니더군요
차값 보험료 세금등 이것저것 떼가는게 많다보니 수족에 남는건 생활비로도 부족했습니다.
그리고 자영업에 속해서 모든걸 본인이 책임져야되는 부분이였고 세금도 너무 크게 나갔습니다.
신랑이 자기가하는 노동강도에비해  아닌거같다고 차값이라도 안나가게 택배일접고 다른일을 하겠다고 그러더군요
신랑이 일을 하는거기에 지켜보고있는데 연결회사와 통화하고 나온 신랑의 얼굴이 너무 어두운거예요
말도 처음이랑 너무틀리고 차를 반납하겠다고하니 계속 몇달 기다려야될수도있다
거기에 차를 반납해도 다른 사람과 공동명의로 들어간다는 어이없는 내용이였습니다.
신랑이름으로 산차에 다른 사람의 이름을 올린다니요
너무 기가찼습니다. 
제가 직접 전화를 걸어 그말이 뭔뜻이냐 왜 처음 그런 중요한 얘기를 안해줬냐니 자기네는 얘기해줄 이유가없다 우리한테 전혀 피해가 가지않으니 법적으로도 공증을받고 절차를 받으니 걱정하지말라더라구요
어려운사람 살려줬더니 보따리 내놓으라는 격이라며 본인이 더 기분 나쁘다는 말을 하시며 상처를 주시더군요
그 전화 끊고 펑펑 울었습니다.
처음 말도 바꾼 사람들이 두번은 괜찮을까요
도저히 이사람들의 말을 믿을수없었습니다.
법적으로하든 말든 맘데로 하라며 큰소리치며 자기한테 전화하지 말라기에 법적인 절차를 밟기전에 일단 여기에라도 
억울함을 올려봅니다.
신랑이 일을하며 알게된 주변 기사님들을보니 저희같이 피해를 안고 어쩔수없이 노예계약처럼 이일을 쭉하시는 분들도 계시고 피해를 안고 이일을 그만두신 분들도 많다고합니다.
더이상은 저희같이 힘없는 사람들이 피해보지않고 일할수있는 세상이 왔으면 좋겠습니다",NaN,일자리,2020-05-04,2020-06-03,naver
588518,청원종료,코로나 재난 선불카드 사용처 불만,628,"대구에 소재하고 있는  홈플러스 안에서 옷매장을 하는 자영업자입니다
코로나로 인해 두달을 매출 반토막으로 힘든시간을 보냈는데
대형마트 안에 있다는 이유로 재난선불카드 사용처에서도 제외되어 너무 힘듭니다  저희는 홈플러스 안에 있지만 개인사업자등록을 하며 부가세등 세금도 백프로 노출되어 내고 있는데 왜 선불카드 사용처에서 제외되는지 속상합니다
조금있으면 전국민이  또 선불카드를  받게 될텐데 개인사업장에서는 다 사용할수 있도록해주세요~~",NaN,경제민주화,2020-05-04,2020-06-03,naver
588546,청원종료,정부잘못된정책으로인하여저를포함한많은개인택시기사들이 피해를보고있습니다국민여러분 도와주세요 ‥! ?,132,대한민국 국민 여러분 안녕하십니까 저는 올해  50세가 된 택시 아빠 박** 라고합니다 국민 여러분께 호소 드리고 싶은 사연이 있어 이렇게 국민 청원에 글을 올리게 되었습니다 부디 저의 글을 읽고 많은 관심과 사랑 호응과 댓글을 부탁드립니다  ㅡㅡㅡ사연 내용 ㅡㅡㅡ 저는 2019년 10월23일부터 개인택시  사업을 하기 위해 약1달간의 준비과정을 마치고 11월25일 개인택시 면허를 취득하여 택시영업을 시작하였습니다 11월25일은 한해가 1달정도 남아서인지  년말연시 때문인지는 몰라도 손님이 그럭저럭 있었고 하루에 15~16시간 근무해도 피곤한줄도 모르고 택시영업을 열심히 하였습니다 그런데ᆢ2020.1.1일 새해가 밝은 신정부터 손님이 별로 없었고 새해 신정이니깐 그렇겠지 생각하고 택시영업을 계속했습니다 1월 중순을 지나 말일이 되서도 택시손님이 별로 없자 그래 구정이 돌아오니깐 손님들이 돈을 안쓰나 보다 생각하고 구정을 쇄고  2월 중순쯤 지나 난데없는 코로나19 전염병이 와서 우리 경제를 이렇게 망가트렸습니다 조금씩 있었던 손님들은 아에 없고 2019.12월전만 해도 기사가 열심히 운행하면 그래도 20만원 정도는 벌어갔었는데 지금은 반토막도 아닌 ~ 8만원 정도 벌어서 차고치고 밥사먹고 차 기름넣고 하루에 겨우 4 ~5만원 정도 벌어가는 실정이 되어버렸습니다 있는돈 없는돈 다 끌어 모아 심지어는 대출까지 받아가며 준비해서 겨우 개인택시를 장만해서 영업 하고 있는데 ᆢ1달에 백만원도 못번다는게 말이됩니까 ? 지금 심정으로는 대출 이자는 고사하고 가정생활도 하기 힘든 상태입니다   그런데 개인택시조합의 탁상행정과 정부관계자의 탁상정책으로 인해 많은 개인택시 사업자가 피해를 보게되어 이렇게  국민여러분께 호소하게 되었습니다 ᆢ이번 코로나19로 인해 정부가 자영업자를 상대로 년2억미만 자영업자에게 생존자금 70만원×2개월=140원을  현금지급을 결정했고 우리 서울 개인택시 사업자도 포함되었다고 본조합에서 문자가 왔습니다 그런데 조건이 있었습니다 올해 2월 29일 기준으로 만 6개월 이상의 영업 경력이 있고 신청일 현재 실제 택시영업을 하고 있어야 한다고 문자에 쓰여 있었습니다 이 문구 내용대로라면 전 2019년 11월25일부터 택시영업을 시작했으니깐 올해  2월29일이면 만3개월이 조금 지난 상태이고 개인택시 전체경력은 5개월이 조금 지난 상태라서 자격이  안된다는 소리입니다  국민여러분 이게 말이 된다고 생각하십니까ᆢ? 내가 택시면허를 취득하고 영업할때는 경기가 조금씩 침체되는 정도였지 코로나 19 는 없었고 2월 중순부터 코로나 19가 발생하여 확산되기 시작하였고 지금까지 진행되고 있는 상태이며 저 또한 코로나 19 로 인해 택시 영업손실 등으로 인해 생계곤란을 격고 있습니다 이번에 정부가 자영업자들에게 생존자금을 지급한다면서   6개월이 안된 기사에게는 생존자금을 안준다고 하네요 어처구니가 없고  황당할 따름입니다 저도 6개월 이상 된 기사님들 같이 똑같이 코로나 19 피해자이며ᆢ 개인택시 사업자등록증을 내고 국가에  납세의무를 성실히 준수하고 있고ᆢ 개인택시 조합원으써 매월 조합비 및 연합회비등을ᆢ 성실히 납부하고 있으며ᆢ현재 택시영업을 하고 있는 개인택시 조합원입니다 단지 6개월이 안되었다고 해서 생존자금에서 배제된다면 공평하고 올바른 행정 집행으로 볼수없을것입니다 (예시) 최초 코로나 19 발생 하루 전까지 개인택시 면허를 취득하고 택시영업을 하고 있다면 모두 구제해주어야 한다고 생각합니다 왜 냐면 그분들도 모두 코로나19 피해자들이기 때문입니다 개인택시조합과 정부는 무슨 행정 조례 근거로 6개월이란 자격조건을 규정하고 이 규정을 개인택시조합에서 제시한것인지ᆢ 아니면 정부에서 제시한건지는 알수 없지만 위현의 소지가 다분하다고 봅니다 정부나 조합에서는 지금이라도 자격조건을 완화하거나 폐지해서 누구나 공평하게 복지해택을 받을수 있도록 도움을 주시길 바랍니다 저 처럼 6개월이 안되었다고 피해를 보지 않도록 해 주시고 정부나 조합에서 계속하여 묵인한다면 행정집행정지가처분 및 행정소송등을 통하여서 국민의 심판을 받도록 투쟁할것입니다ᆢ! ? 국민 여러분께서는 많은 지지와 성윈 관심을 부탁드리며ᆢ두서 없는 글 읽어 주셔서 감사드립니다 .  *****TV 박** 드림                  (추신)  제가 택시영업을 시작하면서 개인 유튜브 방송을 시작하였습니다 유튜브방송 채널은 ***** TV 입니다 많은 관심과사랑 부탁드립니다 😍(구독 )☺(좋아요)🥰  쿡 💓눌러 주세요.,NaN,행정,2020-05-04,2020-06-03,naver
